"","index","a_marg_r2","v_marg_r2","e_marg_r2","err_marg_r2","ave_marg_r2","ave_site_r2"
"1","p7.5","0","0.87696","0.00158","0.0058","0.88433","0.00196"
"2","p6.25","0","0.88122","0.00478","0.00524","0.89123","0.00184"
"3","p5","0","0.87337","0.01728","0.00559","0.89623","0.00195"
"4","p3.75","0","0.81237","0.08711","0.0059","0.90537","0.00222"
"5","p2.5","0","0.68306","0.21413","0.00683","0.90401","0.00086"
"6","p1.25","0","0.52559","0.35908","0.00748","0.89214","0.00123"
"7","p0","0","0.22426","0.42392","0.00934","0.65751","2e-04"
