"","index","a_marg_r2","v_marg_r2","e_marg_r2","err_marg_r2","ave_marg_r2","ave_site_r2"
"1","p92.5","0.83333","0.14272","0.00017","0.00053","0.97675","0.00046"
"2","p93.75","0.80621","0.16719","0.00067","0.00047","0.97454","0.00054"
"3","p95","0.77501","0.19342","0.00313","0.00062","0.97218","4e-04"
"4","p96.25","0.72133","0.22474","0.02119","0.00092","0.96818","0.00055"
"5","p97.5","0.62598","0.25741","0.07301","0.00158","0.95799","0.00048"
"6","p98.75","0.47604","0.2761","0.17734","0.00248","0.93194","0.00047"
"7","p100","0.16931","0.24062","0.403","0.00851","0.82141","0.00083"
