"","index","a_marg_r2","v_marg_r2","e_marg_r2","err_marg_r2","ave_marg_r2","ave_site_r2"
"1","p7.5","0.90043","0.08667","0.00024","0.00103","0.98837","0.00071"
"2","p6.25","0.88836","0.09682","0.00075","0.00118","0.98711","0.00055"
"3","p5","0.8689","0.11164","0.00283","0.00141","0.98478","0.00092"
"4","p3.75","0.83054","0.13286","0.01683","0.00175","0.98197","0.00093"
"5","p2.5","0.75531","0.15766","0.05642","0.00268","0.97206","0.00079"
"6","p1.25","0.61909","0.18816","0.13957","0.00442","0.95124","0.0015"
"7","p0","0.0753","0.09743","0.20755","0.00476","0.38502","0.00042"
