"","index","a_marg_r2","v_marg_r2","e_marg_r2","ave_marg_r2","ave_site_r2"
"1","p7.5","0.971985733371408","0.0224711161989786","9.83663517294987e-38","0.994456951345248","0.000149495833937197"
"2","p6.25","0.966497897522235","0.0270548155836988","9.01728665695865e-38","0.993552869764679","8.42239211653606e-05"
"3","p5","0.960725616575463","0.0320340670853977","1.62656170491646e-08","0.992759826952285","0.00019549368738303"
"4","p3.75","0.948521499369395","0.0393102700314932","0.00275091052324746","0.990582830259162","0.000212469031209639"
"5","p2.5","0.92203591901736","0.0490044028614568","0.0145330299120612","0.985573635964382","0.000154025072494068"
"6","p1.25","0.86316701509803","0.063726587136779","0.0473943005372505","0.974288269099894","0.000188894965129083"
"7","p0","0.373568152790899","0.0935035053704652","0.190258700650514","0.657327309725566","1.11022302462516e-16"
