"","index","a_marg_r2","v_marg_r2","e_marg_r2","ave_marg_r2","ave_site_r2"
"1","p92.5","0.961545670545729","0.0321099092065041","3.74495707580357e-38","0.993655743802108","0.000181689491421055"
"2","p93.75","0.954443278946031","0.0383915608521114","2.89555093762368e-36","0.992835110304033","9.03061132071503e-05"
"3","p95","0.945540793045434","0.0461777764394374","1.93371095414765e-08","0.991718906776953","0.000102845795217577"
"4","p96.25","0.929541226962348","0.0560172446763167","0.00358861052967091","0.989147509692768","7.68289633426011e-05"
"5","p97.5","0.895886401246285","0.069582149214393","0.017491601974045","0.9829609307097","5.6083996904932e-05"
"6","p98.75","0.827959524807985","0.0887859512021778","0.053129091134231","0.969875277203663","0.000114280413259338"
"7","p100","0.518050698207245","0.145463739537253","0.238691779104146","0.902203591297608","0.000757016617331185"
